Range,Sill
169.36528444850867,38.15827598216441
